Date,Link,City,Title,Type,Company,Experience
2024-07-05 21:35:06,https://www.juniors.ro/jobs/8306/link,Cluj-Napoca,Internship DevOps Engineer,Internship,Betfair Romania,Fără experiență
2024-07-05 21:35:06,https://www.juniors.ro/jobs/8305/link,Cluj-Napoca,Internship QA Engineer,Internship,Betfair Romania,Fără experiență
2024-07-05 21:35:06,https://www.juniors.ro/jobs/8304/link,Timișoara,Internship System Test Engineer,Internship,Vitesco Technologies,Fără experiență
2024-07-05 21:35:06,https://www.juniors.ro/jobs/8303/link,București,Junior HR Operations Specialist with German,Job,Deutsche Bank,0 - 1 an
2024-07-05 21:35:06,https://www.juniors.ro/jobs/8302/link,București,Working Student - R&D Central Management Office,Job,Siemens Energy,Fără experiență
2024-07-05 21:35:06,https://www.juniors.ro/jobs/8301/link,București,Working Student – Workforce Transformation & People Develo,Job,Siemens Energy,Fără experiență
2024-07-05 21:35:06,https://www.juniors.ro/jobs/8300/link,București,Working Student - IT Employee Engagement&Change Management,Job,Siemens Energy,Fără experiență
2024-07-05 21:35:06,https://www.juniors.ro/jobs/8299/link,București,Local Graduate Program – HVDC Commissioning Engineer,Job,Siemens Energy,Fără experiență
2024-07-05 21:35:06,https://www.juniors.ro/jobs/8298/link,București,App Cloud Tech Support Associate with Polish,Job,Accenture,Fără experiență
2024-07-05 21:35:06,https://www.juniors.ro/jobs/8297/link,București,App Cloud Tech Support Associate with French,Job,Accenture,Fără experiență
2024-07-05 21:35:06,https://www.juniors.ro/jobs/8296/link,Remote,Technical Associate,Job,nShift,0 - 1 an
2024-07-05 21:35:06,https://www.juniors.ro/jobs/8294/link,Slatina,Junior Data Scientist,Job,Prysmian Group,Fără experiență
2024-07-05 21:35:06,https://www.juniors.ro/jobs/8293/link,Slatina,Junior Project Management Assistant,Job,Prysmian Group,Fără experiență
2024-07-05 21:35:06,https://www.juniors.ro/jobs/8292/link,Slatina,Junior SAP Treasury,Job,Prysmian Group,Fără experiență
2024-07-05 21:35:06,https://www.juniors.ro/jobs/8291/link,București,Associate software engineer (DevOps),Job,Finastra,Fără experiență
2024-07-05 21:35:06,https://www.juniors.ro/jobs/8290/link,București,Intern for Config Tools suite,Intern,NXP Semiconductors,Fără experiență
2024-07-05 21:35:06,https://www.juniors.ro/jobs/8289/link,Cluj-Napoca,Internship - Regional IT Support Engineer,Internship,Betfair Romania,Fără experiență
2024-07-05 21:35:06,https://www.juniors.ro/jobs/8287/link,București,SAS Developer (Trainee) - Internship,Internship,Société Générale,Fără experiență
2024-07-05 21:35:06,https://www.juniors.ro/jobs/8286/link,București,Junior Data Steward,Job,Sievo,Fără experiență
2024-07-05 21:35:06,https://www.juniors.ro/jobs/8285/link,București,Junior Technical Support (French & English),Job,Concentrix,Fără experiență
2024-07-05 21:35:06,https://www.juniors.ro/jobs/8283/link,București,Junior iOS Developer,Job,Deutsche Bank,Fără experiență
2024-07-05 21:35:06,https://www.juniors.ro/jobs/8282/link,București,Junior Frontend Developer,Job,Deutsche Bank,Fără experiență
2024-07-05 21:35:06,https://www.juniors.ro/jobs/8281/link,București,Junior Android Developer,Job,Deutsche Bank,Fără experiență
2024-07-05 21:35:06,https://www.juniors.ro/jobs/8280/link,București,Junior DevOps Engineer,Job,Deutsche Bank,0 - 1 an
2024-07-05 21:35:06,https://www.juniors.ro/jobs/8279/link,București,Junior Java Software Engineer,Job,Deutsche Bank,Fără experiență
2024-07-05 21:35:06,https://www.juniors.ro/jobs/8278/link,București,Junior Performance QA Engineer,Job,Veeam Software,0 - 1 an
2024-07-05 21:35:06,https://www.juniors.ro/jobs/8277/link,Cluj-Napoca,Graduate,Job,SITA,Fără experiență
2024-07-05 21:35:06,https://www.juniors.ro/jobs/8276/link,București,Junior ML Data Associate with German,Job,Amazon,Fără experiență
2024-07-05 21:35:06,https://www.juniors.ro/jobs/8275/link,București,Global Graduate Programme in HR,Job,BAT,Fără experiență
2024-07-05 21:35:06,https://www.juniors.ro/jobs/8274/link,București,Junior Recruitment Admin with French/German/Polish,Job,BAT,0 - 1 an
2024-07-05 21:35:06,https://www.juniors.ro/jobs/8273/link,București,Global Graduate Programme in Marketing,Job,BAT,Fără experiență
2024-07-05 21:35:06,https://www.juniors.ro/jobs/8272/link,"București, Iași",Junior DICT Asset Management Support,Job,UniCredit,0 - 1 an
2024-07-05 21:35:06,https://www.juniors.ro/jobs/8271/link,,Working Student - Purchasing Engineering,Job,Bosch Service Solutions,Fără experiență
2024-07-05 21:35:06,https://www.juniors.ro/jobs/8270/link,,Working Student - Maintenance Area,Job,Bosch Service Solutions,Fără experiență
2024-07-05 21:35:06,https://www.juniors.ro/jobs/8269/link,București,Graduate Technical Sales Specialist with Turkish,Job,Dell Technologies,Fără experiență
2024-07-05 21:35:06,https://www.juniors.ro/jobs/8268/link,Cluj-Napoca,Junior Analytics Consultant,Job,SAP,Fără experiență
2024-07-05 21:35:06,https://www.juniors.ro/jobs/8267/link,Sibiu,Working student - Technical field,Job,Siemens,Fără experiență
2024-07-05 21:35:06,https://www.juniors.ro/jobs/8266/link,București,Internship - Learning and Development,Internship,METRO România,Fără experiență
2024-07-05 21:35:06,https://www.juniors.ro/jobs/8265/link,București,Junior Engineer,Job,LSEG (London Stock Exchange Group),Fără experiență
2024-07-05 21:35:06,https://www.juniors.ro/jobs/8264/link,București,Marketing & Sales Working Student,Job,Bosch Service Solutions,Fără experiență
2024-07-05 21:35:06,https://www.juniors.ro/jobs/8263/link,Oradea,Angular Summer Practice 2024,Summer Practice 2024,GlobalLogic,Fără experiență
2024-07-05 21:35:06,https://www.juniors.ro/jobs/8262/link,Oradea,Java Summer Practice 2024,Summer Practice 2024,GlobalLogic,Fără experiență
2024-07-05 21:35:06,https://www.juniors.ro/jobs/8260/link,Remote,Junior Business Consultant with German,Job,Regnology,0 - 1 an
2024-07-05 21:35:06,https://www.juniors.ro/jobs/8259/link,Remote,"Customer Support , Entry Level",Job,Regnology,Fără experiență
2024-07-05 21:35:06,https://www.juniors.ro/jobs/8258/link,Iași,Junior Technical Documentation Engineer,Job,ALTEN Romania,Fără experiență
2024-07-05 21:35:06,https://www.juniors.ro/jobs/8257/link,Remote,Junior L1 IT Customer Support with French,Job,ALTEN Romania,0 - 1 an
2024-07-05 21:35:06,https://www.juniors.ro/jobs/8256/link,București,Junior SEO Specialist,Job,ALTEX Romania,Fără experiență
2024-07-05 21:35:06,https://www.juniors.ro/jobs/8255/link,București,Junior Master Data Analyst,Job,Worldline,0 - 1 an
2024-07-05 21:35:06,https://www.juniors.ro/jobs/8254/link,Timișoara,Junior Consultant Project Management Officer,Job,Porsche,Fără experiență
2024-07-05 21:35:06,https://www.juniors.ro/jobs/8253/link,București,Junior/Mid Automotive Embedded Software Engineer,Job,NXP Semiconductors,> 1 an
2024-07-05 21:35:06,https://www.juniors.ro/jobs/8252/link,Brașov,Quality Engineering Beginner Program,Job,Autoliv,Fără experiență
2024-07-05 21:35:06,https://www.juniors.ro/jobs/8251/link,București,Tableau Developer (Trainee) - Internship,Internship,Société Générale,Fără experiență
2024-07-05 21:35:06,https://www.juniors.ro/jobs/8250/link,București,Commercial Excellence & Digital Trainee,Trainee,Henkel,Fără experiență
2024-07-05 21:35:06,https://www.juniors.ro/jobs/8249/link,București,Junior Brand Manager,Job,Henkel,> 1 an
2024-07-05 21:35:06,https://www.juniors.ro/jobs/8248/link,"Cluj-Napoca, Timișoara",Junior Consultant Talent Acquisition,Job,MHP – A Porsche Company,0 - 1 an
2024-07-05 21:35:06,https://www.juniors.ro/jobs/8247/link,Timișoara,Mechanical Engineer Internship,Internship,Vitesco Technologies,Fără experiență
2024-07-05 21:35:06,https://www.juniors.ro/jobs/8246/link,București,Optical Network Engineer with Spanish,Job,Adecco,Fără experiență
2024-07-05 21:35:06,https://www.juniors.ro/jobs/8245/link,Brașov,Summer Practice: Digital Design Verification,Summer Practice 2024,Infineon Technologies,0 - 1 an
2024-07-05 21:35:06,https://www.juniors.ro/jobs/8244/link,Timișoara,IT Hardware Consultant,Job,ATOSS Software,Fără experiență
2024-07-05 21:35:06,https://www.juniors.ro/jobs/8243/link,București,Technical Help Desk Specialist,Job,Digi Romania,Fără experiență
2024-07-05 21:35:06,https://www.juniors.ro/jobs/8242/link,București,Junior Graphic Designer,Job,AECOM,Fără experiență
2024-07-05 21:35:06,https://www.juniors.ro/jobs/8241/link,București,Internship – Project Management Officer,Internship,IBM,Fără experiență
2024-07-05 21:35:06,https://www.juniors.ro/jobs/8239/link,Timișoara,Internship for Quality Department,Internship,Continental,Fără experiență
2024-07-05 21:35:06,https://www.juniors.ro/jobs/8237/link,București,Junior Business Intelligence Developer,Job,Morningstar,> 1 an
2024-07-05 21:35:06,https://www.juniors.ro/jobs/8236/link,Cluj-Napoca,Junior .Net Software Engineer,Job,Blankfactor,0 - 1 an
2024-07-05 21:35:06,https://www.juniors.ro/jobs/8235/link,București,Junior Sales Reporting Specialist,Job,Gameloft,Fără experiență
2024-07-05 21:35:06,https://www.juniors.ro/jobs/8234/link,București,Junior UI/UX Designer,Job,Gameloft,> 1 an
2024-07-05 21:35:06,https://www.juniors.ro/jobs/8233/link,Remote,.NET Developer Internship,Internship,Société Générale,Fără experiență
2024-07-05 21:35:06,https://www.juniors.ro/jobs/8232/link,București,Graduate Program – YGain,Internship,Société Générale,Fără experiență
2024-07-05 21:35:06,https://www.juniors.ro/jobs/8231/link,Remote,BPM Developer (Trainee) - Internship,Internship,Société Générale,Fără experiență
2024-07-05 21:35:06,https://www.juniors.ro/jobs/8230/link,Remote,Internship Support Analyst L2 with French,Internship,Société Générale,Fără experiență
2024-07-05 21:35:06,https://www.juniors.ro/jobs/8229/link,Timișoara,Internship IT Process Management,Internship,Vitesco Technologies,Fără experiență
2024-07-05 21:35:06,https://www.juniors.ro/jobs/8228/link,Remote,Associate Data QA Engineer,Job,Betfair Romania,0 - 1 an
2024-07-05 21:35:06,https://www.juniors.ro/jobs/8227/link,Cluj-Napoca,Grad/Junior Full-Stack Engineers,Job,Marsh & McLennan Companies,0 - 1 an
2024-07-05 21:35:06,https://www.juniors.ro/jobs/8226/link,București,Junior Frontend Software Engineer,Job,Cognizant Netcentric,Fără experiență
2024-07-05 21:35:06,https://www.juniors.ro/jobs/8225/link,București,Junior Backend Software Engineer,Job,Cognizant Netcentric,Fără experiență
2024-07-05 21:35:06,https://www.juniors.ro/jobs/8224/link,Timișoara,Internship Team Assistant for - QL TSR,Internship,Continental,Fără experiență
2024-07-05 21:35:06,https://www.juniors.ro/jobs/8223/link,Remote,IT&C 2024 Network Strategy and Engineering Trainee,Trainee,Vodafone,Fără experiență
2024-07-05 21:35:06,https://www.juniors.ro/jobs/8221/link,București,Junior Data Reporting Analyst,Job,Booking Holdings Romania,> 1 an
2024-07-05 21:35:06,https://www.juniors.ro/jobs/8220/link,Brașov,Junior TechOps Engineer,Job,Dennemeyer,Fără experiență
2024-07-05 21:35:06,https://www.juniors.ro/jobs/8219/link,,Human Resources Internship,Internship,Procter & Gamble,Fără experiență
2024-07-05 21:35:06,https://www.juniors.ro/jobs/8218/link,București,HR Managerial Intern,Intern,Procter & Gamble,Fără experiență
2024-07-05 21:35:06,https://www.juniors.ro/jobs/8217/link,Cluj-Napoca,Entry-Level Automotive Structural FEA Engineer,Job,ARRK Research & Development,Fără experiență
2024-07-05 21:35:06,https://www.juniors.ro/jobs/8216/link,Cluj-Napoca,Entry-Level Powertrain Simulation Engineer,Job,ARRK Research & Development,Fără experiență
2024-07-05 21:35:06,https://www.juniors.ro/jobs/8215/link,Cluj-Napoca,Entry-Level Chassis Development Engineer,Job,ARRK Research & Development,Fără experiență
2024-07-05 21:35:06,https://www.juniors.ro/jobs/8214/link,București,Strong Junior .NET Developer,Job,Sigma Software,> 1 an
2024-07-05 21:35:06,https://www.juniors.ro/jobs/8213/link,București,HR Administration Intern,Intern,Systematic,Fără experiență
2024-07-05 21:35:06,https://www.juniors.ro/jobs/8212/link,Brașov,SW/App/Cloud Tech Support Associate,Job,Accenture,Fără experiență
2024-07-05 21:35:06,https://www.juniors.ro/jobs/8211/link,București,Digital Marketing Intern,Intern,BAT,Fără experiență
2024-07-05 21:35:06,https://www.juniors.ro/jobs/8208/link,Timișoara,Internship for PSS Tool Support,Internship,Continental,Fără experiență
2024-07-05 21:35:06,https://www.juniors.ro/jobs/8207/link,Timișoara,Mechanical Internship for Head-up Display,Internship,Continental,Fără experiență
2024-07-05 21:35:06,https://www.juniors.ro/jobs/8206/link,Iași,Internship for System Requirements Engineer for AN,Internship,Continental,Fără experiență
2024-07-05 21:35:06,https://www.juniors.ro/jobs/8205/link,Cluj-Napoca,Working Student - Technical Department,Job,Bosch Service Solutions,0 - 1 an
2024-07-05 21:35:06,https://www.juniors.ro/jobs/8204/link,București,Sales Discovery Accelerator (Early Career Only),Job,Veeam,Fără experiență
2024-07-05 21:35:06,https://www.juniors.ro/jobs/8203/link,,Junior SAP Business Intelligence,Job,Prysmian Group,Fără experiență
2024-07-05 21:35:06,https://www.juniors.ro/jobs/8201/link,București,CyberSecurity Intern,Intern,Booking Holdings Romania,Fără experiență
2024-07-05 21:35:06,https://www.juniors.ro/jobs/8200/link,București,SQL Bootcamp (Internship),Bootcamp,TotalSoft,Fără experiență
2024-07-05 21:35:06,https://www.juniors.ro/jobs/8198/link,București,Junior Charisma ERP Tester,Job,TotalSoft,0 - 1 an
2024-07-05 21:35:06,https://www.juniors.ro/jobs/8197/link,București,Level 1 Support,Job,Inetum,0 - 1 an
2024-07-05 21:35:06,https://www.juniors.ro/jobs/8196/link,București,Digital & Technology Intern,Intern,Mega Image,Fără experiență
2024-07-05 21:35:06,https://www.juniors.ro/jobs/8193/link,,Junior Maintenance Engineer,Job,Expleo Group,Fără experiență
2024-07-05 21:35:06,https://www.juniors.ro/jobs/8192/link,București,Junior Software Test Engineer,Job,GfK,> 1 an
2024-07-05 21:35:06,https://www.juniors.ro/jobs/8191/link,Cluj-Napoca,Working Student for Project Management,Job,Bosch Service Solutions,0 - 1 an
2024-07-05 21:35:06,https://www.juniors.ro/jobs/8190/link,Cluj-Napoca,Digital HCM Internship,Internship,Emerson,Fără experiență
2024-07-05 21:35:06,https://www.juniors.ro/jobs/8189/link,Timișoara,Internship for PSS Tool Support,Internship,Continental,Fără experiență
2024-07-05 21:35:06,https://www.juniors.ro/jobs/8187/link,București,Product Management- Intern,Intern,Bitdefender,Fără experiență
2024-07-05 21:35:06,https://www.juniors.ro/jobs/8185/link,Brașov,Documentation Assistant Internship - IT Department,Internship,Siemens,Fără experiență
2024-07-05 21:35:06,https://www.juniors.ro/jobs/8183/link,București,Junior/Middle Application Security Engineer,Job,Veeam,Fără experiență
2024-07-05 21:35:06,https://www.juniors.ro/jobs/8181/link,București,Sales Development Representative (Entry level) with French,Job,Veeam,Fără experiență
2024-07-05 21:35:06,https://www.juniors.ro/jobs/8179/link,București,Marketing Trainee,Trainee,Engie Romania,Fără experiență
2024-07-05 21:35:06,https://www.juniors.ro/jobs/8178/link,București,Junior Project Manager,Job,GfK,> 1 an
2024-07-05 21:35:06,https://www.juniors.ro/jobs/8175/link,București,Marketing Intern,Intern,Henkel,Fără experiență
2024-07-05 21:35:06,https://www.juniors.ro/jobs/8173/link,București,Junior Data Engineer,Job,Worldline,Fără experiență
2024-07-05 21:35:06,https://www.juniors.ro/jobs/8172/link,Timișoara,Associate Product Manager,Job,Access,> 1 an
2024-07-05 21:35:06,https://www.juniors.ro/jobs/8171/link,București,Junior UI/UX Designer,Job,Gameloft,> 1 an
2024-07-05 21:35:06,https://www.juniors.ro/jobs/8170/link,București,Junior Sales Reporting Specialist,Job,Gameloft,Fără experiență
2024-07-05 21:35:06,https://www.juniors.ro/jobs/8166/link,Cluj-Napoca,Junior Design Engineer Thermomanagement Automotive,Job,ARRK Research & Development,Fără experiență
2024-07-05 21:35:06,https://www.juniors.ro/jobs/8165/link,Cluj-Napoca,Summer Practice Crash 2024,Summer Practice 2024,ARRK Research & Development,Fără experiență
2024-07-05 21:35:06,https://www.juniors.ro/jobs/8164/link,Cluj-Napoca,Entry-Level Crash Simulation Engineer,Job,ARRK Research & Development,Fără experiență
2024-07-05 21:35:06,https://www.juniors.ro/jobs/8162/link,București,Junior Technical Support Engineer,Job,Oracle,0 - 1 an
2024-07-05 21:35:06,https://www.juniors.ro/jobs/8161/link,Cluj-Napoca,Junior Site Reliability Engineer,Job,Broadridge,0 - 1 an
2024-07-05 21:35:06,https://www.juniors.ro/jobs/8160/link,București,Working Student-IT Employee Engagement & Change Management,Job,Siemens Energy,Fără experiență
2024-07-05 21:35:06,https://www.juniors.ro/jobs/8159/link,București,Working Student / Graduate Trainee HR,Trainee,Siemens Energy,Fără experiență
2024-07-05 21:35:06,https://www.juniors.ro/jobs/8156/link,București,Internship-Video Playout Operating Center,Internship,SES,Fără experiență
2024-07-05 21:35:06,https://www.juniors.ro/jobs/8155/link,București,Technical Support Intern,Intern,Xylem,Fără experiență
2024-07-05 21:35:06,https://www.juniors.ro/jobs/8154/link,București,Sales Trainee,Trainee,Samsung Electronics,Fără experiență
2024-07-05 21:35:06,https://www.juniors.ro/jobs/8153/link,București,Junior QA Engineer,Job,Orion Systems Integrators,> 1 an
2024-07-05 21:35:06,https://www.juniors.ro/jobs/8150/link,București,Project Management Officer with French,Job,MIGSO-PCUBED,0 - 1 an
2024-07-05 21:35:06,https://www.juniors.ro/jobs/8149/link,Remote,Junior Project Manager,Job,New Era Technology,> 1 an
2024-07-05 21:35:06,https://www.juniors.ro/jobs/8148/link,Timișoara,Test/QA Analyst - Junior,Job,Ness Digital Engineering,> 1 an
2024-07-05 21:35:06,https://www.juniors.ro/jobs/8146/link,Remote,Junior Infrastructure Delivery Specialist,Job,UniCredit,> 1 an
2024-07-05 21:35:06,https://www.juniors.ro/jobs/8145/link,Remote,Junior Infrastructure Solution Architect,Job,UniCredit,> 1 an
2024-07-05 21:35:06,https://www.juniors.ro/jobs/8144/link,Iași,Junior Cloud Engineer,Job,UniCredit,> 1 an
2024-07-05 21:35:06,https://www.juniors.ro/jobs/8143/link,"București, Iași",Junior ITSM Specialist (Incidents),Job,UniCredit,0 - 1 an
2024-07-05 21:35:06,https://www.juniors.ro/jobs/8141/link,București,Junior Python Developer,Job,Onapsis,0 - 1 an
2024-07-05 21:35:06,https://www.juniors.ro/jobs/8140/link,"București, Iași, Sibiu",Junior RPA Developer with German,Job,BearingPoint,0 - 1 an
2024-07-05 21:35:06,https://www.juniors.ro/jobs/8138/link,București,Content Moderation - Process Associate - Swedish,Job,Genpact,Fără experiență
2024-07-05 21:35:06,https://www.juniors.ro/jobs/8136/link,București,Content Moderation - Process Associate - Bulgarian,Job,Genpact,Fără experiență
2024-07-05 21:35:06,https://www.juniors.ro/jobs/8134/link,București,Content Moderation – Process Associate - Norwegian,Job,Genpact,Fără experiență
2024-07-05 21:35:06,https://www.juniors.ro/jobs/8131/link,București,Content Moderation - Process Associate – English,Job,Genpact,Fără experiență
2024-07-05 21:35:06,https://www.juniors.ro/jobs/8132/link,București,Content Moderation - Process Associate – English,Job,Genpact,Fără experiență
2024-07-05 21:35:06,https://www.juniors.ro/jobs/8130/link,București,Sales Excellence Trainee,Trainee,Schneider Electric,Fără experiență
2024-07-05 21:35:06,https://www.juniors.ro/jobs/8128/link,București,Project Management Trainee,Trainee,Schneider Electric,Fără experiență
2024-07-05 21:35:06,https://www.juniors.ro/jobs/8127/link,Iași,Low Code Developer Intern,Intern,Centric IT Solutions Romania,Fără experiență
2024-07-05 21:35:06,https://www.juniors.ro/jobs/8125/link,București,Junior Microsoft Dynamics Business Central Consultant,Job,AltaSoft Software Solutions,> 1 an
2024-07-05 21:35:06,https://www.juniors.ro/jobs/8124/link,București,Junior Project Support Specialist with Italian,Job,GlobalLogic,0 - 1 an
2024-07-05 21:35:06,https://www.juniors.ro/jobs/8123/link,București,Junior Project Support Specialist with Russian,Job,GlobalLogic,0 - 1 an
2024-07-05 21:35:06,https://www.juniors.ro/jobs/8119/link,București,Associate Engineer,Job,Oracle,0 - 1 an
2024-07-05 21:35:06,https://www.juniors.ro/jobs/8118/link,București,Oracle Summer School Bucharest,Academy Programs,Oracle,Fără experiență
2024-07-05 21:35:06,https://www.juniors.ro/jobs/8116/link,București,Junior Information Security Engineer,Job,Onapsis,> 1 an
2024-07-05 21:35:06,https://www.juniors.ro/jobs/8113/link,București,Internship Salesforce Consultant,Internship,PPC ROMANIA,Fără experiență
2024-07-05 21:35:06,https://www.juniors.ro/jobs/8112/link,Timișoara,Quality System - Internship,Internship,Mahle,0 - 1 an
2024-07-05 21:35:06,https://www.juniors.ro/jobs/8110/link,București,IT Service Desk Specialist,Job,vidaXL,0 - 1 an
2024-07-05 21:35:06,https://www.juniors.ro/jobs/8108/link,Timișoara,Summer Internship with German Knowledge,Summer Practice 2024,Accenture,Fără experiență
2024-07-05 21:35:06,https://www.juniors.ro/jobs/8104/link,Craiova,Internship Integration Competence Center Craiova,Internship,Pirelli,Fără experiență
2024-07-05 21:35:06,https://www.juniors.ro/jobs/8103/link,București,Junior Internal Security Sales Associate,Job,TD SYNNEX,Fără experiență
2024-07-05 21:35:06,https://www.juniors.ro/jobs/8102/link,Alba Iulia,Working Student – TEF1 Manufacturing Process Development,Job,Bosch Service Solutions,Fără experiență
2024-07-05 21:35:06,https://www.juniors.ro/jobs/8101/link,Cluj-Napoca,Technical Artist Working Student for Smart Mobility Soluti,Job,Bosch Service Solutions,Fără experiență
2024-07-05 21:35:06,https://www.juniors.ro/jobs/8100/link,București,Quality Assurance Analyst with Portuguese,Job,Wipro,0 - 1 an
2024-07-05 21:35:06,https://www.juniors.ro/jobs/8097/link,Timișoara,Internship HR Recruiting,Internship,Continental,Fără experiență
2024-07-05 21:35:06,https://www.juniors.ro/jobs/8095/link,Remote,Junior Business Consultant with German,Job,Regnology,Fără experiență
2024-07-05 21:35:06,https://www.juniors.ro/jobs/8094/link,Iași,PHP Development Intern,Intern,HungryBytes,Fără experiență
2024-07-05 21:35:06,https://www.juniors.ro/jobs/8093/link,Brașov,Junior/Middle Performance Specialist,Job,Data Revolt Agency,> 1 an
2024-07-05 21:35:06,https://www.juniors.ro/jobs/8091/link,Brașov,Junior Developer,Job,SoftOne Technologies,Fără experiență
2024-07-05 21:35:06,https://www.juniors.ro/jobs/8085/link,București,Junior Configuration Engineer/System Administrator,Job,Veeam Software,> 1 an
2024-07-05 21:35:06,https://www.juniors.ro/jobs/8084/link,București,Junior System Administrator,Job,EveryMatrix,> 1 an
2024-07-05 21:35:06,https://www.juniors.ro/jobs/8083/link,București,Junior Database Administrator,Job,EveryMatrix,Fără experiență
2024-07-05 21:35:06,https://www.juniors.ro/jobs/8080/link,București,C++ Software Engineer – Junior to Principal,Job,Finastra,0 - 1 an
2024-07-05 21:35:06,https://www.juniors.ro/jobs/8078/link,Timișoara,Maintenance Internship,Internship,Continental,Fără experiență
2024-07-05 21:35:06,https://www.juniors.ro/jobs/8077/link,Alba Iulia,Working Student - Support for Manufacturing,Job,Bosch Service Solutions,Fără experiență
2024-07-05 21:35:06,https://www.juniors.ro/jobs/8073/link,Cluj-Napoca,Junior Data Management Consultant,Job,SAP,Fără experiență
2024-07-05 21:35:06,https://www.juniors.ro/jobs/8072/link,București,Intern - Junior SAP Technology Support Engineer,Intern,SAP,Fără experiență
2024-07-05 21:35:06,https://www.juniors.ro/jobs/8071/link,"București, Cluj-Napoca",Junior Analytics Consultant (Bucharest or Cluj),Job,SAP,Fără experiență
2024-07-05 21:35:06,https://www.juniors.ro/jobs/8069/link,București,Virtualization Backup Engineer – Trainee with German,Trainee,Veeam Software,Fără experiență
2024-07-05 21:35:06,https://www.juniors.ro/jobs/8068/link,București,Internship Simulation Durabilité Châssis,Internship,Renault Group,Fără experiență
2024-07-05 21:35:06,https://www.juniors.ro/jobs/8067/link,București,Internship Analiza numerica automatizata,Internship,Renault Group,Fără experiență
2024-07-05 21:35:06,https://www.juniors.ro/jobs/8066/link,București,Junior Cloud Operations Engineer,Job,Wirtek Romania,0 - 1 an
Date,Link,City,Title,Type,Company,Experience
2024-07-05 21:37:27,https://www.juniors.ro/jobs/8306/link,Cluj-Napoca,Internship DevOps Engineer,Internship,Betfair Romania,Fără experiență
2024-07-05 21:37:27,https://www.juniors.ro/jobs/8305/link,Cluj-Napoca,Internship QA Engineer,Internship,Betfair Romania,Fără experiență
2024-07-05 21:37:27,https://www.juniors.ro/jobs/8304/link,Timișoara,Internship System Test Engineer,Internship,Vitesco Technologies,Fără experiență
2024-07-05 21:37:27,https://www.juniors.ro/jobs/8303/link,București,Junior HR Operations Specialist with German,Job,Deutsche Bank,0 - 1 an
2024-07-05 21:37:27,https://www.juniors.ro/jobs/8302/link,București,Working Student - R&D Central Management Office,Job,Siemens Energy,Fără experiență
2024-07-05 21:37:27,https://www.juniors.ro/jobs/8301/link,București,Working Student – Workforce Transformation & People Develo,Job,Siemens Energy,Fără experiență
2024-07-05 21:37:27,https://www.juniors.ro/jobs/8300/link,București,Working Student - IT Employee Engagement&Change Management,Job,Siemens Energy,Fără experiență
2024-07-05 21:37:27,https://www.juniors.ro/jobs/8299/link,București,Local Graduate Program – HVDC Commissioning Engineer,Job,Siemens Energy,Fără experiență
2024-07-05 21:37:27,https://www.juniors.ro/jobs/8298/link,București,App Cloud Tech Support Associate with Polish,Job,Accenture,Fără experiență
2024-07-05 21:37:27,https://www.juniors.ro/jobs/8297/link,București,App Cloud Tech Support Associate with French,Job,Accenture,Fără experiență
2024-07-05 21:37:27,https://www.juniors.ro/jobs/8296/link,Remote,Technical Associate,Job,nShift,0 - 1 an
2024-07-05 21:37:27,https://www.juniors.ro/jobs/8294/link,Slatina,Junior Data Scientist,Job,Prysmian Group,Fără experiență
2024-07-05 21:37:27,https://www.juniors.ro/jobs/8293/link,Slatina,Junior Project Management Assistant,Job,Prysmian Group,Fără experiență
2024-07-05 21:37:27,https://www.juniors.ro/jobs/8292/link,Slatina,Junior SAP Treasury,Job,Prysmian Group,Fără experiență
2024-07-05 21:37:27,https://www.juniors.ro/jobs/8291/link,București,Associate software engineer (DevOps),Job,Finastra,Fără experiență
2024-07-05 21:37:27,https://www.juniors.ro/jobs/8290/link,București,Intern for Config Tools suite,Intern,NXP Semiconductors,Fără experiență
2024-07-05 21:37:27,https://www.juniors.ro/jobs/8289/link,Cluj-Napoca,Internship - Regional IT Support Engineer,Internship,Betfair Romania,Fără experiență
2024-07-05 21:37:27,https://www.juniors.ro/jobs/8287/link,București,SAS Developer (Trainee) - Internship,Internship,Société Générale,Fără experiență
2024-07-05 21:37:27,https://www.juniors.ro/jobs/8286/link,București,Junior Data Steward,Job,Sievo,Fără experiență
2024-07-05 21:37:27,https://www.juniors.ro/jobs/8285/link,București,Junior Technical Support (French & English),Job,Concentrix,Fără experiență
2024-07-05 21:37:27,https://www.juniors.ro/jobs/8283/link,București,Junior iOS Developer,Job,Deutsche Bank,Fără experiență
2024-07-05 21:37:27,https://www.juniors.ro/jobs/8282/link,București,Junior Frontend Developer,Job,Deutsche Bank,Fără experiență
2024-07-05 21:37:27,https://www.juniors.ro/jobs/8281/link,București,Junior Android Developer,Job,Deutsche Bank,Fără experiență
2024-07-05 21:37:27,https://www.juniors.ro/jobs/8280/link,București,Junior DevOps Engineer,Job,Deutsche Bank,0 - 1 an
2024-07-05 21:37:27,https://www.juniors.ro/jobs/8279/link,București,Junior Java Software Engineer,Job,Deutsche Bank,Fără experiență
2024-07-05 21:37:27,https://www.juniors.ro/jobs/8278/link,București,Junior Performance QA Engineer,Job,Veeam Software,0 - 1 an
2024-07-05 21:37:27,https://www.juniors.ro/jobs/8277/link,Cluj-Napoca,Graduate,Job,SITA,Fără experiență
2024-07-05 21:37:27,https://www.juniors.ro/jobs/8276/link,București,Junior ML Data Associate with German,Job,Amazon,Fără experiență
2024-07-05 21:37:27,https://www.juniors.ro/jobs/8275/link,București,Global Graduate Programme in HR,Job,BAT,Fără experiență
2024-07-05 21:37:27,https://www.juniors.ro/jobs/8274/link,București,Junior Recruitment Admin with French/German/Polish,Job,BAT,0 - 1 an
2024-07-05 21:37:27,https://www.juniors.ro/jobs/8273/link,București,Global Graduate Programme in Marketing,Job,BAT,Fără experiență
2024-07-05 21:37:27,https://www.juniors.ro/jobs/8272/link,"București, Iași",Junior DICT Asset Management Support,Job,UniCredit,0 - 1 an
2024-07-05 21:37:27,https://www.juniors.ro/jobs/8271/link,,Working Student - Purchasing Engineering,Job,Bosch Service Solutions,Fără experiență
2024-07-05 21:37:27,https://www.juniors.ro/jobs/8270/link,,Working Student - Maintenance Area,Job,Bosch Service Solutions,Fără experiență
2024-07-05 21:37:27,https://www.juniors.ro/jobs/8269/link,București,Graduate Technical Sales Specialist with Turkish,Job,Dell Technologies,Fără experiență
2024-07-05 21:37:27,https://www.juniors.ro/jobs/8268/link,Cluj-Napoca,Junior Analytics Consultant,Job,SAP,Fără experiență
2024-07-05 21:37:27,https://www.juniors.ro/jobs/8267/link,Sibiu,Working student - Technical field,Job,Siemens,Fără experiență
2024-07-05 21:37:27,https://www.juniors.ro/jobs/8266/link,București,Internship - Learning and Development,Internship,METRO România,Fără experiență
2024-07-05 21:37:27,https://www.juniors.ro/jobs/8265/link,București,Junior Engineer,Job,LSEG (London Stock Exchange Group),Fără experiență
2024-07-05 21:37:27,https://www.juniors.ro/jobs/8264/link,București,Marketing & Sales Working Student,Job,Bosch Service Solutions,Fără experiență
2024-07-05 21:37:27,https://www.juniors.ro/jobs/8263/link,Oradea,Angular Summer Practice 2024,Summer Practice 2024,GlobalLogic,Fără experiență
2024-07-05 21:37:27,https://www.juniors.ro/jobs/8262/link,Oradea,Java Summer Practice 2024,Summer Practice 2024,GlobalLogic,Fără experiență
2024-07-05 21:37:27,https://www.juniors.ro/jobs/8260/link,Remote,Junior Business Consultant with German,Job,Regnology,0 - 1 an
2024-07-05 21:37:27,https://www.juniors.ro/jobs/8259/link,Remote,"Customer Support , Entry Level",Job,Regnology,Fără experiență
2024-07-05 21:37:27,https://www.juniors.ro/jobs/8258/link,Iași,Junior Technical Documentation Engineer,Job,ALTEN Romania,Fără experiență
2024-07-05 21:37:27,https://www.juniors.ro/jobs/8257/link,Remote,Junior L1 IT Customer Support with French,Job,ALTEN Romania,0 - 1 an
2024-07-05 21:37:27,https://www.juniors.ro/jobs/8256/link,București,Junior SEO Specialist,Job,ALTEX Romania,Fără experiență
2024-07-05 21:37:27,https://www.juniors.ro/jobs/8255/link,București,Junior Master Data Analyst,Job,Worldline,0 - 1 an
2024-07-05 21:37:27,https://www.juniors.ro/jobs/8254/link,Timișoara,Junior Consultant Project Management Officer,Job,Porsche,Fără experiență
2024-07-05 21:37:27,https://www.juniors.ro/jobs/8253/link,București,Junior/Mid Automotive Embedded Software Engineer,Job,NXP Semiconductors,> 1 an
2024-07-05 21:37:27,https://www.juniors.ro/jobs/8252/link,Brașov,Quality Engineering Beginner Program,Job,Autoliv,Fără experiență
2024-07-05 21:37:27,https://www.juniors.ro/jobs/8251/link,București,Tableau Developer (Trainee) - Internship,Internship,Société Générale,Fără experiență
2024-07-05 21:37:27,https://www.juniors.ro/jobs/8250/link,București,Commercial Excellence & Digital Trainee,Trainee,Henkel,Fără experiență
2024-07-05 21:37:27,https://www.juniors.ro/jobs/8249/link,București,Junior Brand Manager,Job,Henkel,> 1 an
2024-07-05 21:37:27,https://www.juniors.ro/jobs/8248/link,"Cluj-Napoca, Timișoara",Junior Consultant Talent Acquisition,Job,MHP – A Porsche Company,0 - 1 an
2024-07-05 21:37:27,https://www.juniors.ro/jobs/8247/link,Timișoara,Mechanical Engineer Internship,Internship,Vitesco Technologies,Fără experiență
2024-07-05 21:37:27,https://www.juniors.ro/jobs/8246/link,București,Optical Network Engineer with Spanish,Job,Adecco,Fără experiență
2024-07-05 21:37:27,https://www.juniors.ro/jobs/8245/link,Brașov,Summer Practice: Digital Design Verification,Summer Practice 2024,Infineon Technologies,0 - 1 an
2024-07-05 21:37:27,https://www.juniors.ro/jobs/8244/link,Timișoara,IT Hardware Consultant,Job,ATOSS Software,Fără experiență
2024-07-05 21:37:27,https://www.juniors.ro/jobs/8243/link,București,Technical Help Desk Specialist,Job,Digi Romania,Fără experiență
2024-07-05 21:37:27,https://www.juniors.ro/jobs/8242/link,București,Junior Graphic Designer,Job,AECOM,Fără experiență
2024-07-05 21:37:27,https://www.juniors.ro/jobs/8241/link,București,Internship – Project Management Officer,Internship,IBM,Fără experiență
2024-07-05 21:37:27,https://www.juniors.ro/jobs/8239/link,Timișoara,Internship for Quality Department,Internship,Continental,Fără experiență
2024-07-05 21:37:27,https://www.juniors.ro/jobs/8237/link,București,Junior Business Intelligence Developer,Job,Morningstar,> 1 an
2024-07-05 21:37:27,https://www.juniors.ro/jobs/8236/link,Cluj-Napoca,Junior .Net Software Engineer,Job,Blankfactor,0 - 1 an
2024-07-05 21:37:27,https://www.juniors.ro/jobs/8235/link,București,Junior Sales Reporting Specialist,Job,Gameloft,Fără experiență
2024-07-05 21:37:27,https://www.juniors.ro/jobs/8234/link,București,Junior UI/UX Designer,Job,Gameloft,> 1 an
2024-07-05 21:37:27,https://www.juniors.ro/jobs/8233/link,Remote,.NET Developer Internship,Internship,Société Générale,Fără experiență
2024-07-05 21:37:27,https://www.juniors.ro/jobs/8232/link,București,Graduate Program – YGain,Internship,Société Générale,Fără experiență
2024-07-05 21:37:27,https://www.juniors.ro/jobs/8231/link,Remote,BPM Developer (Trainee) - Internship,Internship,Société Générale,Fără experiență
2024-07-05 21:37:27,https://www.juniors.ro/jobs/8230/link,Remote,Internship Support Analyst L2 with French,Internship,Société Générale,Fără experiență
2024-07-05 21:37:27,https://www.juniors.ro/jobs/8229/link,Timișoara,Internship IT Process Management,Internship,Vitesco Technologies,Fără experiență
2024-07-05 21:37:27,https://www.juniors.ro/jobs/8228/link,Remote,Associate Data QA Engineer,Job,Betfair Romania,0 - 1 an
2024-07-05 21:37:27,https://www.juniors.ro/jobs/8227/link,Cluj-Napoca,Grad/Junior Full-Stack Engineers,Job,Marsh & McLennan Companies,0 - 1 an
2024-07-05 21:37:27,https://www.juniors.ro/jobs/8226/link,București,Junior Frontend Software Engineer,Job,Cognizant Netcentric,Fără experiență
2024-07-05 21:37:27,https://www.juniors.ro/jobs/8225/link,București,Junior Backend Software Engineer,Job,Cognizant Netcentric,Fără experiență
2024-07-05 21:37:27,https://www.juniors.ro/jobs/8224/link,Timișoara,Internship Team Assistant for - QL TSR,Internship,Continental,Fără experiență
2024-07-05 21:37:27,https://www.juniors.ro/jobs/8223/link,Remote,IT&C 2024 Network Strategy and Engineering Trainee,Trainee,Vodafone,Fără experiență
2024-07-05 21:37:27,https://www.juniors.ro/jobs/8221/link,București,Junior Data Reporting Analyst,Job,Booking Holdings Romania,> 1 an
2024-07-05 21:37:27,https://www.juniors.ro/jobs/8220/link,Brașov,Junior TechOps Engineer,Job,Dennemeyer,Fără experiență
2024-07-05 21:37:27,https://www.juniors.ro/jobs/8219/link,,Human Resources Internship,Internship,Procter & Gamble,Fără experiență
2024-07-05 21:37:27,https://www.juniors.ro/jobs/8218/link,București,HR Managerial Intern,Intern,Procter & Gamble,Fără experiență
2024-07-05 21:37:27,https://www.juniors.ro/jobs/8217/link,Cluj-Napoca,Entry-Level Automotive Structural FEA Engineer,Job,ARRK Research & Development,Fără experiență
2024-07-05 21:37:27,https://www.juniors.ro/jobs/8216/link,Cluj-Napoca,Entry-Level Powertrain Simulation Engineer,Job,ARRK Research & Development,Fără experiență
2024-07-05 21:37:27,https://www.juniors.ro/jobs/8215/link,Cluj-Napoca,Entry-Level Chassis Development Engineer,Job,ARRK Research & Development,Fără experiență
2024-07-05 21:37:27,https://www.juniors.ro/jobs/8214/link,București,Strong Junior .NET Developer,Job,Sigma Software,> 1 an
2024-07-05 21:37:27,https://www.juniors.ro/jobs/8213/link,București,HR Administration Intern,Intern,Systematic,Fără experiență
2024-07-05 21:37:27,https://www.juniors.ro/jobs/8212/link,Brașov,SW/App/Cloud Tech Support Associate,Job,Accenture,Fără experiență
2024-07-05 21:37:27,https://www.juniors.ro/jobs/8211/link,București,Digital Marketing Intern,Intern,BAT,Fără experiență
2024-07-05 21:37:27,https://www.juniors.ro/jobs/8208/link,Timișoara,Internship for PSS Tool Support,Internship,Continental,Fără experiență
2024-07-05 21:37:27,https://www.juniors.ro/jobs/8207/link,Timișoara,Mechanical Internship for Head-up Display,Internship,Continental,Fără experiență
2024-07-05 21:37:27,https://www.juniors.ro/jobs/8206/link,Iași,Internship for System Requirements Engineer for AN,Internship,Continental,Fără experiență
2024-07-05 21:37:27,https://www.juniors.ro/jobs/8205/link,Cluj-Napoca,Working Student - Technical Department,Job,Bosch Service Solutions,0 - 1 an
2024-07-05 21:37:27,https://www.juniors.ro/jobs/8204/link,București,Sales Discovery Accelerator (Early Career Only),Job,Veeam,Fără experiență
2024-07-05 21:37:27,https://www.juniors.ro/jobs/8203/link,,Junior SAP Business Intelligence,Job,Prysmian Group,Fără experiență
2024-07-05 21:37:27,https://www.juniors.ro/jobs/8201/link,București,CyberSecurity Intern,Intern,Booking Holdings Romania,Fără experiență
2024-07-05 21:37:27,https://www.juniors.ro/jobs/8200/link,București,SQL Bootcamp (Internship),Bootcamp,TotalSoft,Fără experiență
2024-07-05 21:37:27,https://www.juniors.ro/jobs/8198/link,București,Junior Charisma ERP Tester,Job,TotalSoft,0 - 1 an
2024-07-05 21:37:27,https://www.juniors.ro/jobs/8197/link,București,Level 1 Support,Job,Inetum,0 - 1 an
2024-07-05 21:37:27,https://www.juniors.ro/jobs/8196/link,București,Digital & Technology Intern,Intern,Mega Image,Fără experiență
2024-07-05 21:37:27,https://www.juniors.ro/jobs/8193/link,,Junior Maintenance Engineer,Job,Expleo Group,Fără experiență
2024-07-05 21:37:27,https://www.juniors.ro/jobs/8192/link,București,Junior Software Test Engineer,Job,GfK,> 1 an
2024-07-05 21:37:27,https://www.juniors.ro/jobs/8191/link,Cluj-Napoca,Working Student for Project Management,Job,Bosch Service Solutions,0 - 1 an
2024-07-05 21:37:27,https://www.juniors.ro/jobs/8190/link,Cluj-Napoca,Digital HCM Internship,Internship,Emerson,Fără experiență
2024-07-05 21:37:27,https://www.juniors.ro/jobs/8189/link,Timișoara,Internship for PSS Tool Support,Internship,Continental,Fără experiență
2024-07-05 21:37:27,https://www.juniors.ro/jobs/8187/link,București,Product Management- Intern,Intern,Bitdefender,Fără experiență
2024-07-05 21:37:27,https://www.juniors.ro/jobs/8185/link,Brașov,Documentation Assistant Internship - IT Department,Internship,Siemens,Fără experiență
2024-07-05 21:37:27,https://www.juniors.ro/jobs/8183/link,București,Junior/Middle Application Security Engineer,Job,Veeam,Fără experiență
2024-07-05 21:37:27,https://www.juniors.ro/jobs/8181/link,București,Sales Development Representative (Entry level) with French,Job,Veeam,Fără experiență
2024-07-05 21:37:27,https://www.juniors.ro/jobs/8179/link,București,Marketing Trainee,Trainee,Engie Romania,Fără experiență
2024-07-05 21:37:27,https://www.juniors.ro/jobs/8178/link,București,Junior Project Manager,Job,GfK,> 1 an
2024-07-05 21:37:27,https://www.juniors.ro/jobs/8175/link,București,Marketing Intern,Intern,Henkel,Fără experiență
2024-07-05 21:37:27,https://www.juniors.ro/jobs/8173/link,București,Junior Data Engineer,Job,Worldline,Fără experiență
2024-07-05 21:37:27,https://www.juniors.ro/jobs/8172/link,Timișoara,Associate Product Manager,Job,Access,> 1 an
2024-07-05 21:37:27,https://www.juniors.ro/jobs/8171/link,București,Junior UI/UX Designer,Job,Gameloft,> 1 an
2024-07-05 21:37:27,https://www.juniors.ro/jobs/8170/link,București,Junior Sales Reporting Specialist,Job,Gameloft,Fără experiență
2024-07-05 21:37:27,https://www.juniors.ro/jobs/8166/link,Cluj-Napoca,Junior Design Engineer Thermomanagement Automotive,Job,ARRK Research & Development,Fără experiență
2024-07-05 21:37:27,https://www.juniors.ro/jobs/8165/link,Cluj-Napoca,Summer Practice Crash 2024,Summer Practice 2024,ARRK Research & Development,Fără experiență
2024-07-05 21:37:27,https://www.juniors.ro/jobs/8164/link,Cluj-Napoca,Entry-Level Crash Simulation Engineer,Job,ARRK Research & Development,Fără experiență
2024-07-05 21:37:27,https://www.juniors.ro/jobs/8162/link,București,Junior Technical Support Engineer,Job,Oracle,0 - 1 an
2024-07-05 21:37:27,https://www.juniors.ro/jobs/8161/link,Cluj-Napoca,Junior Site Reliability Engineer,Job,Broadridge,0 - 1 an
2024-07-05 21:37:27,https://www.juniors.ro/jobs/8160/link,București,Working Student-IT Employee Engagement & Change Management,Job,Siemens Energy,Fără experiență
2024-07-05 21:37:27,https://www.juniors.ro/jobs/8159/link,București,Working Student / Graduate Trainee HR,Trainee,Siemens Energy,Fără experiență
2024-07-05 21:37:27,https://www.juniors.ro/jobs/8156/link,București,Internship-Video Playout Operating Center,Internship,SES,Fără experiență
2024-07-05 21:37:27,https://www.juniors.ro/jobs/8155/link,București,Technical Support Intern,Intern,Xylem,Fără experiență
2024-07-05 21:37:27,https://www.juniors.ro/jobs/8154/link,București,Sales Trainee,Trainee,Samsung Electronics,Fără experiență
2024-07-05 21:37:27,https://www.juniors.ro/jobs/8153/link,București,Junior QA Engineer,Job,Orion Systems Integrators,> 1 an
2024-07-05 21:37:27,https://www.juniors.ro/jobs/8150/link,București,Project Management Officer with French,Job,MIGSO-PCUBED,0 - 1 an
2024-07-05 21:37:27,https://www.juniors.ro/jobs/8149/link,Remote,Junior Project Manager,Job,New Era Technology,> 1 an
2024-07-05 21:37:27,https://www.juniors.ro/jobs/8148/link,Timișoara,Test/QA Analyst - Junior,Job,Ness Digital Engineering,> 1 an
2024-07-05 21:37:27,https://www.juniors.ro/jobs/8146/link,Remote,Junior Infrastructure Delivery Specialist,Job,UniCredit,> 1 an
2024-07-05 21:37:27,https://www.juniors.ro/jobs/8145/link,Remote,Junior Infrastructure Solution Architect,Job,UniCredit,> 1 an
2024-07-05 21:37:27,https://www.juniors.ro/jobs/8144/link,Iași,Junior Cloud Engineer,Job,UniCredit,> 1 an
2024-07-05 21:37:27,https://www.juniors.ro/jobs/8143/link,"București, Iași",Junior ITSM Specialist (Incidents),Job,UniCredit,0 - 1 an
2024-07-05 21:37:27,https://www.juniors.ro/jobs/8141/link,București,Junior Python Developer,Job,Onapsis,0 - 1 an
2024-07-05 21:37:27,https://www.juniors.ro/jobs/8140/link,"București, Iași, Sibiu",Junior RPA Developer with German,Job,BearingPoint,0 - 1 an
2024-07-05 21:37:27,https://www.juniors.ro/jobs/8138/link,București,Content Moderation - Process Associate - Swedish,Job,Genpact,Fără experiență
2024-07-05 21:37:27,https://www.juniors.ro/jobs/8136/link,București,Content Moderation - Process Associate - Bulgarian,Job,Genpact,Fără experiență
2024-07-05 21:37:27,https://www.juniors.ro/jobs/8134/link,București,Content Moderation – Process Associate - Norwegian,Job,Genpact,Fără experiență
2024-07-05 21:37:27,https://www.juniors.ro/jobs/8131/link,București,Content Moderation - Process Associate – English,Job,Genpact,Fără experiență
2024-07-05 21:37:27,https://www.juniors.ro/jobs/8132/link,București,Content Moderation - Process Associate – English,Job,Genpact,Fără experiență
2024-07-05 21:37:27,https://www.juniors.ro/jobs/8130/link,București,Sales Excellence Trainee,Trainee,Schneider Electric,Fără experiență
2024-07-05 21:37:27,https://www.juniors.ro/jobs/8128/link,București,Project Management Trainee,Trainee,Schneider Electric,Fără experiență
2024-07-05 21:37:27,https://www.juniors.ro/jobs/8127/link,Iași,Low Code Developer Intern,Intern,Centric IT Solutions Romania,Fără experiență
2024-07-05 21:37:27,https://www.juniors.ro/jobs/8125/link,București,Junior Microsoft Dynamics Business Central Consultant,Job,AltaSoft Software Solutions,> 1 an
2024-07-05 21:37:27,https://www.juniors.ro/jobs/8124/link,București,Junior Project Support Specialist with Italian,Job,GlobalLogic,0 - 1 an
2024-07-05 21:37:27,https://www.juniors.ro/jobs/8123/link,București,Junior Project Support Specialist with Russian,Job,GlobalLogic,0 - 1 an
2024-07-05 21:37:27,https://www.juniors.ro/jobs/8119/link,București,Associate Engineer,Job,Oracle,0 - 1 an
2024-07-05 21:37:27,https://www.juniors.ro/jobs/8118/link,București,Oracle Summer School Bucharest,Academy Programs,Oracle,Fără experiență
2024-07-05 21:37:27,https://www.juniors.ro/jobs/8116/link,București,Junior Information Security Engineer,Job,Onapsis,> 1 an
2024-07-05 21:37:27,https://www.juniors.ro/jobs/8113/link,București,Internship Salesforce Consultant,Internship,PPC ROMANIA,Fără experiență
2024-07-05 21:37:27,https://www.juniors.ro/jobs/8112/link,Timișoara,Quality System - Internship,Internship,Mahle,0 - 1 an
2024-07-05 21:37:27,https://www.juniors.ro/jobs/8110/link,București,IT Service Desk Specialist,Job,vidaXL,0 - 1 an
2024-07-05 21:37:27,https://www.juniors.ro/jobs/8108/link,Timișoara,Summer Internship with German Knowledge,Summer Practice 2024,Accenture,Fără experiență
2024-07-05 21:37:27,https://www.juniors.ro/jobs/8104/link,Craiova,Internship Integration Competence Center Craiova,Internship,Pirelli,Fără experiență
2024-07-05 21:37:27,https://www.juniors.ro/jobs/8103/link,București,Junior Internal Security Sales Associate,Job,TD SYNNEX,Fără experiență
2024-07-05 21:37:27,https://www.juniors.ro/jobs/8102/link,Alba Iulia,Working Student – TEF1 Manufacturing Process Development,Job,Bosch Service Solutions,Fără experiență
2024-07-05 21:37:27,https://www.juniors.ro/jobs/8101/link,Cluj-Napoca,Technical Artist Working Student for Smart Mobility Soluti,Job,Bosch Service Solutions,Fără experiență
2024-07-05 21:37:27,https://www.juniors.ro/jobs/8100/link,București,Quality Assurance Analyst with Portuguese,Job,Wipro,0 - 1 an
2024-07-05 21:37:27,https://www.juniors.ro/jobs/8097/link,Timișoara,Internship HR Recruiting,Internship,Continental,Fără experiență
2024-07-05 21:37:27,https://www.juniors.ro/jobs/8095/link,Remote,Junior Business Consultant with German,Job,Regnology,Fără experiență
2024-07-05 21:37:27,https://www.juniors.ro/jobs/8094/link,Iași,PHP Development Intern,Intern,HungryBytes,Fără experiență
2024-07-05 21:37:27,https://www.juniors.ro/jobs/8093/link,Brașov,Junior/Middle Performance Specialist,Job,Data Revolt Agency,> 1 an
2024-07-05 21:37:27,https://www.juniors.ro/jobs/8091/link,Brașov,Junior Developer,Job,SoftOne Technologies,Fără experiență
2024-07-05 21:37:27,https://www.juniors.ro/jobs/8085/link,București,Junior Configuration Engineer/System Administrator,Job,Veeam Software,> 1 an
2024-07-05 21:37:27,https://www.juniors.ro/jobs/8084/link,București,Junior System Administrator,Job,EveryMatrix,> 1 an
2024-07-05 21:37:27,https://www.juniors.ro/jobs/8083/link,București,Junior Database Administrator,Job,EveryMatrix,Fără experiență
2024-07-05 21:37:27,https://www.juniors.ro/jobs/8080/link,București,C++ Software Engineer – Junior to Principal,Job,Finastra,0 - 1 an
2024-07-05 21:37:27,https://www.juniors.ro/jobs/8078/link,Timișoara,Maintenance Internship,Internship,Continental,Fără experiență
2024-07-05 21:37:27,https://www.juniors.ro/jobs/8077/link,Alba Iulia,Working Student - Support for Manufacturing,Job,Bosch Service Solutions,Fără experiență
2024-07-05 21:37:27,https://www.juniors.ro/jobs/8073/link,Cluj-Napoca,Junior Data Management Consultant,Job,SAP,Fără experiență
2024-07-05 21:37:27,https://www.juniors.ro/jobs/8072/link,București,Intern - Junior SAP Technology Support Engineer,Intern,SAP,Fără experiență
2024-07-05 21:37:27,https://www.juniors.ro/jobs/8071/link,"București, Cluj-Napoca",Junior Analytics Consultant (Bucharest or Cluj),Job,SAP,Fără experiență
2024-07-05 21:37:27,https://www.juniors.ro/jobs/8069/link,București,Virtualization Backup Engineer – Trainee with German,Trainee,Veeam Software,Fără experiență
2024-07-05 21:37:27,https://www.juniors.ro/jobs/8068/link,București,Internship Simulation Durabilité Châssis,Internship,Renault Group,Fără experiență
2024-07-05 21:37:27,https://www.juniors.ro/jobs/8067/link,București,Internship Analiza numerica automatizata,Internship,Renault Group,Fără experiență
2024-07-05 21:37:27,https://www.juniors.ro/jobs/8066/link,București,Junior Cloud Operations Engineer,Job,Wirtek Romania,0 - 1 an
Date,Link,City,Title,Type,Company,Experience
